<?xml version='1.0' encoding='UTF-8'?>
<package uuid="randomquotespark-6989b7" version="0.0.0">
 <names>
  <name lang="en_US">RandomQuoteSpark</name>
 </names>
 <supportedLanguages>
  <language>en_US</language>
 </supportedLanguages>
 <descriptionLanguages>
  <language>en_US</language>
 </descriptionLanguages>
 <contents>
  <behaviorContent path="behavior_1">
   <userRequestable/>
   <nature>interactive</nature>
   <triggerSentences>
    <sentence lang="en_US">give me a quote</sentence>
    <sentence lang="en_US">i'd like a quote</sentence>
    <sentence lang="en_US">can i have a quote</sentence>
   </triggerSentences>
   <autonomous/>
   <permissions/>
  </behaviorContent>
 </contents>
</package>
